param_name,idx,fisher_diagonal,activation_count,value,min_value,max_value,status
KING_MG,10,0.000000e+00,0,0.0,0.0,0.0,LOCKED
KING_EG,11,0.000000e+00,0,0.0,0.0,0.0,LOCKED
PAWN_PST_MG[0],12,0.000000e+00,0,0.0,-200.0,200.0,STARVED
PAWN_PST_MG[1],13,0.000000e+00,0,0.0,-200.0,200.0,STARVED
PAWN_PST_MG[2],14,0.000000e+00,0,0.0,-200.0,200.0,STARVED
PAWN_PST_MG[3],15,0.000000e+00,0,0.0,-200.0,200.0,STARVED
PAWN_PST_MG[4],16,0.000000e+00,0,0.0,-200.0,200.0,STARVED
PAWN_PST_MG[5],17,0.000000e+00,0,0.0,-200.0,200.0,STARVED
PAWN_PST_MG[6],18,0.000000e+00,0,0.0,-200.0,200.0,STARVED
PAWN_PST_MG[7],19,0.000000e+00,0,0.0,-200.0,200.0,STARVED
PAWN_PST_MG[56],68,0.000000e+00,0,0.0,-200.0,200.0,STARVED
PAWN_PST_MG[57],69,0.000000e+00,0,0.0,-200.0,200.0,STARVED
PAWN_PST_MG[58],70,0.000000e+00,0,0.0,-200.0,200.0,STARVED
PAWN_PST_MG[59],71,0.000000e+00,0,0.0,-200.0,200.0,STARVED
PAWN_PST_MG[60],72,0.000000e+00,0,0.0,-200.0,200.0,STARVED
PAWN_PST_MG[61],73,0.000000e+00,0,0.0,-200.0,200.0,STARVED
PAWN_PST_MG[62],74,0.000000e+00,0,0.0,-200.0,200.0,STARVED
PAWN_PST_MG[63],75,0.000000e+00,0,0.0,-200.0,200.0,STARVED
PAWN_PST_EG[0],76,0.000000e+00,0,0.0,-200.0,200.0,STARVED
PAWN_PST_EG[1],77,0.000000e+00,0,0.0,-200.0,200.0,STARVED
PAWN_PST_EG[2],78,0.000000e+00,0,0.0,-200.0,200.0,STARVED
PAWN_PST_EG[3],79,0.000000e+00,0,0.0,-200.0,200.0,STARVED
PAWN_PST_EG[4],80,0.000000e+00,0,0.0,-200.0,200.0,STARVED
PAWN_PST_EG[5],81,0.000000e+00,0,0.0,-200.0,200.0,STARVED
PAWN_PST_EG[6],82,0.000000e+00,0,0.0,-200.0,200.0,STARVED
PAWN_PST_EG[7],83,0.000000e+00,0,0.0,-200.0,200.0,STARVED
PAWN_PST_EG[56],132,0.000000e+00,0,0.0,-200.0,200.0,STARVED
PAWN_PST_EG[57],133,0.000000e+00,0,0.0,-200.0,200.0,STARVED
PAWN_PST_EG[58],134,0.000000e+00,0,0.0,-200.0,200.0,STARVED
PAWN_PST_EG[59],135,0.000000e+00,0,0.0,-200.0,200.0,STARVED
PAWN_PST_EG[60],136,0.000000e+00,0,0.0,-200.0,200.0,STARVED
PAWN_PST_EG[61],137,0.000000e+00,0,0.0,-200.0,200.0,STARVED
PAWN_PST_EG[62],138,0.000000e+00,0,0.0,-200.0,200.0,STARVED
PAWN_PST_EG[63],139,0.000000e+00,0,0.0,-200.0,200.0,STARVED
KING_PST_MG[7],659,2.012279e-12,560,-4.0,-200.0,200.0,STARVED
KING_PST_MG[0],652,2.989313e-12,411,-131.0,-200.0,200.0,STARVED
KING_PST_MG[3],655,4.147117e-12,910,136.0,-200.0,200.0,STARVED
KING_PST_MG[1],653,4.668907e-12,704,200.0,-200.0,200.0,STARVED
KING_PST_MG[6],658,4.873089e-12,917,100.0,-200.0,200.0,STARVED
KING_PST_MG[2],654,4.900861e-12,849,200.0,-200.0,200.0,STARVED
KING_PST_MG[4],656,5.092702e-12,974,-92.0,-200.0,200.0,STARVED
KING_PST_MG[5],657,6.337257e-12,932,-40.0,-200.0,200.0,STARVED
KING_PST_MG[8],660,7.918865e-12,1009,198.0,-200.0,200.0,STARVED
KING_PST_MG[15],667,8.876692e-12,1607,-145.0,-200.0,200.0,STARVED
KNIGHT_PST_MG[6],146,1.124176e-11,769,-11.0,-200.0,200.0,STARVED
KING_PST_MG[9],661,1.251728e-11,1988,121.0,-200.0,200.0,STARVED
KING_PST_MG[10],662,1.282787e-11,2409,71.0,-200.0,200.0,STARVED
KING_PST_MG[16],668,1.285792e-11,1862,77.0,-200.0,200.0,STARVED
KING_PST_MG[14],666,1.379842e-11,2503,13.0,-200.0,200.0,STARVED
KING_PST_MG[12],664,1.455730e-11,2587,74.0,-200.0,200.0,STARVED
KING_PST_MG[13],665,1.539493e-11,2665,49.0,-200.0,200.0,STARVED
KING_PST_MG[11],663,1.718005e-11,2351,148.0,-200.0,200.0,STARVED
KNIGHT_PST_MG[1],141,1.869019e-11,1140,-80.0,-200.0,200.0,STARVED
KING_PST_MG[24],676,1.894245e-11,2607,6.0,-200.0,200.0,STARVED
KING_PST_MG[17],669,2.144189e-11,3769,105.0,-200.0,200.0,STARVED
KING_PST_MG[18],670,2.470748e-11,4678,135.0,-200.0,200.0,STARVED
BISHOP_PST_MG[6],274,2.788115e-11,1282,-20.0,-200.0,200.0,STARVED
KING_PST_MG[23],675,2.811665e-11,3790,-28.0,-200.0,200.0,STARVED
KING_PST_MG[20],672,2.833802e-11,4929,81.0,-200.0,200.0,STARVED
KING_PST_MG[22],674,2.876147e-11,4974,161.0,-200.0,200.0,STARVED
KING_PST_MG[21],673,3.084141e-11,5303,130.0,-200.0,200.0,STARVED
KING_PST_MG[19],671,3.127600e-11,5232,62.0,-200.0,200.0,STARVED
KING_PST_MG[25],677,3.242806e-11,5200,19.0,-200.0,200.0,STARVED
KING_PST_MG[32],684,3.299612e-11,3173,-82.0,-200.0,200.0,STARVED
KNIGHT_PST_MG[4],144,3.726628e-11,1970,93.0,-200.0,200.0,STARVED
BISHOP_PST_MG[4],272,3.727268e-11,2355,-50.0,-200.0,200.0,STARVED
KNIGHT_PST_MG[2],142,3.813085e-11,1772,-43.0,-200.0,200.0,STARVED
BISHOP_PST_MG[3],271,3.945074e-11,2822,-76.0,-200.0,200.0,STARVED
KNIGHT_PST_MG[7],147,3.976583e-11,842,-108.0,-200.0,200.0,STARVED
KNIGHT_PST_MG[3],143,4.233603e-11,2050,-46.0,-200.0,200.0,STARVED
KNIGHT_PST_MG[56],196,4.302209e-11,864,-82.0,-200.0,200.0,STARVED
KNIGHT_PST_EG[63],267,4.346165e-11,708,-45.0,-200.0,200.0,STARVED
BISHOP_PST_MG[2],270,4.390033e-11,2296,-126.0,-200.0,200.0,STARVED
QUEEN_PST_EG[63],651,4.431017e-11,1167,13.0,-200.0,200.0,STARVED
KING_PST_EG[0],716,4.494918e-11,437,-81.0,-200.0,200.0,STARVED
BISHOP_PST_MG[5],273,4.582294e-11,2303,-52.0,-200.0,200.0,STARVED
KING_PST_MG[26],678,4.729224e-11,7106,39.0,-200.0,200.0,STARVED
KNIGHT_PST_MG[5],145,4.924048e-11,1547,-106.0,-200.0,200.0,STARVED
KING_PST_EG[7],723,5.059554e-11,601,-29.0,-200.0,200.0,STARVED
BISHOP_PST_MG[7],275,5.125851e-11,1434,8.0,-200.0,200.0,STARVED
BISHOP_PST_MG[1],269,5.168743e-11,2224,-6.0,-200.0,200.0,STARVED
KING_PST_MG[27],679,5.250995e-11,8762,-20.0,-200.0,200.0,STARVED
KNIGHT_PST_MG[63],203,5.398115e-11,736,26.0,-200.0,200.0,STARVED
QUEEN_PST_EG[62],650,5.529174e-11,1343,11.0,-200.0,200.0,STARVED
KING_PST_MG[33],685,5.640273e-11,6502,49.0,-200.0,200.0,STARVED
PAWN_PST_MG[13],25,6.005139e-11,3750,-44.0,-200.0,200.0,STARVED
KING_PST_EG[1],717,6.084805e-11,741,-73.0,-200.0,200.0,STARVED
KING_PST_MG[40],692,6.151766e-11,4302,-18.0,-200.0,200.0,STARVED
QUEEN_PST_EG[55],643,6.286618e-11,1629,2.0,-200.0,200.0,STARVED
KING_PST_MG[29],681,6.387515e-11,10162,-21.0,-200.0,200.0,STARVED
KNIGHT_PST_EG[56],260,6.405693e-11,859,17.0,-200.0,200.0,STARVED
KNIGHT_PST_EG[7],211,6.746008e-11,842,-67.0,-200.0,200.0,STARVED
KING_PST_MG[28],680,6.813268e-11,10005,-15.0,-200.0,200.0,STARVED
KING_PST_MG[31],683,6.899522e-11,7049,-120.0,-200.0,200.0,STARVED
QUEEN_PST_MG[5],529,7.003949e-11,2518,115.0,-200.0,200.0,STARVED
PAWN_PST_MG[12],24,7.308047e-11,3616,32.0,-200.0,200.0,STARVED
KING_PST_EG[6],722,7.413517e-11,959,-19.0,-200.0,200.0,STARVED
ROOK_PST_MG[6],402,7.424846e-11,5729,3.0,-200.0,200.0,STARVED
ROOK_PST_MG[5],401,7.579288e-11,5758,-25.0,-200.0,200.0,STARVED
BISHOP_PST_MG[11],279,7.736312e-11,3758,-42.0,-200.0,200.0,STARVED
KNIGHT_PST_MG[14],154,7.755115e-11,2388,18.0,-200.0,200.0,STARVED
KING_PST_MG[34],686,7.963976e-11,10766,-33.0,-200.0,200.0,STARVED
KING_PST_EG[5],721,7.977400e-11,979,24.0,-200.0,200.0,STARVED
KING_PST_MG[30],682,7.977919e-11,9505,-13.0,-200.0,200.0,STARVED
KING_PST_EG[4],720,8.114824e-11,1022,6.0,-200.0,200.0,STARVED
KNIGHT_PST_EG[6],210,8.174380e-11,769,-41.0,-200.0,200.0,STARVED
QUEEN_PST_MG[6],530,8.393792e-11,2399,120.0,-200.0,200.0,STARVED
QUEEN_PST_EG[47],635,8.419243e-11,2553,70.0,-200.0,200.0,STARVED
KING_PST_EG[2],718,8.657229e-11,888,-58.0,-200.0,200.0,STARVED
PAWN_PST_MG[15],27,8.715111e-11,4801,-119.0,-200.0,200.0,STARVED
KNIGHT_PST_MG[15],155,8.799832e-11,1563,-2.0,-200.0,200.0,STARVED
PAWN_PST_MG[14],26,8.845733e-11,3834,-48.0,-200.0,200.0,STARVED
KNIGHT_PST_MG[0],140,8.990781e-11,1491,-167.0,-200.0,200.0,STARVED
QUEEN_PST_MG[63],587,9.422027e-11,1170,-7.0,-200.0,200.0,STARVED
KING_PST_EG[3],719,9.475075e-11,956,-42.0,-200.0,200.0,STARVED
BISHOP_PST_MG[0],268,9.478857e-11,2286,-3.0,-200.0,200.0,STARVED
QUEEN_PST_MG[62],586,9.560361e-11,1350,43.0,-200.0,200.0,STARVED
QUEEN_PST_EG[14],602,9.618829e-11,1700,66.0,-200.0,200.0,STARVED
QUEEN_PST_EG[54],642,9.709519e-11,2940,-3.0,-200.0,200.0,STARVED
QUEEN_PST_EG[6],594,9.818810e-11,2399,13.0,-200.0,200.0,STARVED
KING_PST_MG[35],687,1.014258e-10,14155,-69.0,-200.0,200.0,STARVED
QUEEN_PST_EG[22],610,1.021677e-10,2188,74.0,-200.0,200.0,STARVED
KNIGHT_PST_MG[23],163,1.038295e-10,2451,13.0,-200.0,200.0,STARVED
KNIGHT_PST_MG[12],152,1.052211e-10,3740,-3.0,-200.0,200.0,STARVED
BISHOP_PST_MG[62],330,1.053225e-10,2353,-4.0,-200.0,200.0,STARVED
BISHOP_PST_MG[12],280,1.067983e-10,3865,37.0,-200.0,200.0,STARVED
KNIGHT_PST_MG[16],156,1.084661e-10,2995,-60.0,-200.0,200.0,STARVED
ROOK_PST_MG[7],403,1.097004e-10,6492,-10.0,-200.0,200.0,STARVED
QUEEN_PST_MG[3],527,1.098424e-10,3614,-7.0,-200.0,200.0,STARVED
PAWN_PST_MG[11],23,1.115254e-10,5288,63.0,-200.0,200.0,STARVED
PAWN_PST_MG[10],22,1.131731e-10,5384,21.0,-200.0,200.0,STARVED
QUEEN_PST_EG[5],593,1.132569e-10,2517,37.0,-200.0,200.0,STARVED
QUEEN_PST_EG[15],603,1.140039e-10,2046,56.0,-200.0,200.0,STARVED
PAWN_PST_MG[8],20,1.151506e-10,7833,35.0,-200.0,200.0,STARVED
KING_PST_EG[8],724,1.153675e-10,1055,-56.0,-200.0,200.0,STARVED
KNIGHT_PST_EG[0],204,1.159580e-10,1491,-18.0,-200.0,200.0,STARVED
QUEEN_PST_MG[4],528,1.167400e-10,3061,126.0,-200.0,200.0,STARVED
BISHOP_PST_EG[7],339,1.209938e-10,1434,-3.0,-200.0,200.0,STARVED
KNIGHT_PST_EG[1],205,1.217189e-10,1140,-9.0,-200.0,200.0,STARVED
BISHOP_PST_EG[6],338,1.242578e-10,1280,18.0,-200.0,200.0,STARVED
BISHOP_PST_MG[13],281,1.281218e-10,4038,9.0,-200.0,200.0,STARVED
KNIGHT_PST_MG[49],189,1.298976e-10,2797,-1.0,-200.0,200.0,STARVED
QUEEN_PST_EG[7],595,1.313955e-10,3538,92.0,-200.0,200.0,STARVED
KNIGHT_PST_EG[55],259,1.315373e-10,3509,-23.0,-200.0,200.0,STARVED
KNIGHT_PST_MG[11],151,1.324219e-10,4230,52.0,-200.0,200.0,STARVED
QUEEN_PST_EG[40],628,1.341119e-10,4355,47.0,-200.0,200.0,STARVED
QUEEN_PST_EG[39],627,1.343860e-10,3597,83.0,-200.0,200.0,STARVED
QUEEN_PST_MG[7],531,1.344315e-10,3566,49.0,-200.0,200.0,STARVED
QUEEN_PST_MG[2],526,1.346197e-10,3815,-18.0,-200.0,200.0,STARVED
KING_PST_MG[36],688,1.346608e-10,19602,-91.0,-200.0,200.0,STARVED
ROOK_PST_MG[4],400,1.352462e-10,7715,20.0,-200.0,200.0,STARVED
QUEEN_PST_EG[30],618,1.381528e-10,3275,113.0,-200.0,200.0,STARVED
KNIGHT_PST_MG[8],148,1.388823e-10,2520,-55.0,-200.0,200.0,STARVED
QUEEN_PST_EG[23],611,1.429071e-10,2913,60.0,-200.0,200.0,STARVED
QUEEN_PST_EG[12],600,1.430313e-10,2727,145.0,-200.0,200.0,STARVED
QUEEN_PST_EG[21],609,1.432257e-10,2805,68.0,-200.0,200.0,STARVED
ROOK_PST_MG[22],418,1.441032e-10,6854,80.0,-200.0,200.0,STARVED
KNIGHT_PST_EG[48],252,1.458313e-10,2396,-9.0,-200.0,200.0,STARVED
KING_PST_MG[41],693,1.488389e-10,10340,-7.0,-200.0,200.0,STARVED
PAWN_PST_MG[9],21,1.498263e-10,6466,78.0,-200.0,200.0,STARVED
QUEEN_PST_MG[1],525,1.498627e-10,4356,-3.0,-200.0,200.0,STARVED
QUEEN_PST_EG[46],634,1.514197e-10,4707,72.0,-200.0,200.0,STARVED
QUEEN_PST_MG[12],536,1.528941e-10,2728,-38.0,-200.0,200.0,STARVED
QUEEN_PST_EG[13],601,1.532882e-10,2577,59.0,-200.0,200.0,STARVED
QUEEN_PST_EG[48],636,1.536476e-10,4584,27.0,-200.0,200.0,STARVED
KNIGHT_PST_EG[5],209,1.548901e-10,1547,1.0,-200.0,200.0,STARVED
BISHOP_PST_MG[21],289,1.552873e-10,5752,55.0,-200.0,200.0,STARVED
ROOK_PST_MG[21],417,1.558252e-10,7211,41.0,-200.0,200.0,STARVED
QUEEN_PST_EG[20],608,1.581209e-10,3007,105.0,-200.0,200.0,STARVED
KNIGHT_PST_MG[9],149,1.583275e-10,3879,-18.0,-200.0,200.0,STARVED
BISHOP_PST_MG[48],316,1.598340e-10,2792,45.0,-200.0,200.0,STARVED
QUEEN_PST_EG[61],649,1.603889e-10,4204,7.0,-200.0,200.0,STARVED
KING_PST_MG[39],691,1.621695e-10,12635,-112.0,-200.0,200.0,STARVED
QUEEN_PST_EG[11],599,1.649561e-10,3063,93.0,-200.0,200.0,STARVED
KNIGHT_PST_EG[2],206,1.654269e-10,1771,23.0,-200.0,200.0,STARVED
QUEEN_PST_EG[4],592,1.655107e-10,3060,33.0,-200.0,200.0,STARVED
KING_PST_MG[48],700,1.663265e-10,6359,-3.0,-200.0,200.0,STARVED
ROOK_PST_MG[2],398,1.672368e-10,9890,-13.0,-200.0,200.0,STARVED
QUEEN_PST_EG[3],591,1.691867e-10,3612,96.0,-200.0,200.0,STARVED
QUEEN_PST_EG[25],613,1.699711e-10,4470,66.0,-200.0,200.0,STARVED
KNIGHT_PST_MG[21],161,1.704488e-10,4974,86.0,-200.0,200.0,STARVED
QUEEN_PST_EG[31],619,1.708311e-10,5542,103.0,-200.0,200.0,STARVED
KING_PST_EG[15],731,1.719062e-10,1682,30.0,-200.0,200.0,STARVED
QUEEN_PST_MG[11],535,1.724306e-10,3066,23.0,-200.0,200.0,STARVED
ROOK_PST_MG[1],397,1.733600e-10,9756,24.0,-200.0,200.0,STARVED
ROOK_PST_MG[3],399,1.741954e-10,9807,32.0,-200.0,200.0,STARVED
KNIGHT_PST_EG[15],219,1.751263e-10,1538,-27.0,-200.0,200.0,STARVED
QUEEN_PST_EG[1],589,1.756301e-10,4352,86.0,-200.0,200.0,STARVED
QUEEN_PST_EG[56],644,1.764165e-10,4577,-5.0,-200.0,200.0,STARVED
QUEEN_PST_EG[29],617,1.777982e-10,3970,88.0,-200.0,200.0,STARVED
BISHOP_PST_EG[0],332,1.785568e-10,2286,6.0,-200.0,200.0,STARVED
QUEEN_PST_EG[38],626,1.788882e-10,5195,102.0,-200.0,200.0,STARVED
QUEEN_PST_MG[13],537,1.797979e-10,2588,70.0,-200.0,200.0,STARVED
QUEEN_PST_EG[33],621,1.803009e-10,4733,90.0,-200.0,200.0,STARVED
QUEEN_PST_EG[19],607,1.803376e-10,3740,110.0,-200.0,200.0,STARVED
QUEEN_PST_EG[2],590,1.808963e-10,3810,110.0,-200.0,200.0,STARVED
QUEEN_PST_EG[53],641,1.811955e-10,5663,10.0,-200.0,200.0,STARVED
ROOK_PST_MG[23],419,1.818029e-10,8184,-2.0,-200.0,200.0,STARVED
ROOK_PST_MG[0],396,1.857885e-10,11896,3.0,-200.0,200.0,STARVED
QUEEN_PST_EG[17],605,1.876069e-10,3714,63.0,-200.0,200.0,STARVED
KING_PST_MG[38],690,1.893725e-10,18576,-72.0,-200.0,200.0,STARVED
KING_PST_MG[42],694,1.899451e-10,15615,-17.0,-200.0,200.0,STARVED
QUEEN_PST_MG[55],579,1.900764e-10,1652,68.0,-200.0,200.0,STARVED
BISHOP_PST_MG[8],276,1.902277e-10,3802,-13.0,-200.0,200.0,STARVED
KING_PST_MG[37],689,1.911265e-10,22973,-66.0,-200.0,200.0,STARVED
QUEEN_PST_EG[24],612,1.915388e-10,4639,74.0,-200.0,200.0,STARVED
QUEEN_PST_EG[0],588,1.924272e-10,5280,34.0,-200.0,200.0,STARVED
QUEEN_PST_EG[8],596,1.945623e-10,4075,34.0,-200.0,200.0,STARVED
KNIGHT_PST_MG[58],198,1.975807e-10,3811,4.0,-200.0,200.0,STARVED
QUEEN_PST_EG[18],606,1.978272e-10,4109,52.0,-200.0,200.0,STARVED
QUEEN_PST_EG[57],645,1.979129e-10,6082,-10.0,-200.0,200.0,STARVED
QUEEN_PST_EG[16],604,1.985566e-10,4081,31.0,-200.0,200.0,STARVED
QUEEN_PST_EG[10],598,2.024074e-10,3751,78.0,-200.0,200.0,STARVED
QUEEN_PST_MG[20],544,2.024873e-10,3032,28.0,-200.0,200.0,STARVED
BISHOP_PST_MG[20],288,2.033666e-10,5627,17.0,-200.0,200.0,STARVED
KNIGHT_PST_EG[4],208,2.046957e-10,1970,-15.0,-200.0,200.0,STARVED
QUEEN_PST_MG[21],545,2.068958e-10,2812,102.0,-200.0,200.0,STARVED
QUEEN_PST_MG[0],524,2.099429e-10,5303,7.0,-200.0,200.0,STARVED
KNIGHT_PST_EG[49],253,2.104526e-10,2759,7.0,-200.0,200.0,STARVED
QUEEN_PST_EG[37],625,2.110171e-10,5549,75.0,-200.0,200.0,STARVED
QUEEN_PST_EG[32],620,2.114530e-10,9185,23.0,-200.0,200.0,STARVED
BISHOP_PST_EG[2],334,2.115325e-10,2294,32.0,-200.0,200.0,STARVED
QUEEN_PST_EG[26],614,2.118199e-10,4459,71.0,-200.0,200.0,STARVED
ROOK_PST_MG[29],425,2.123564e-10,7661,42.0,-200.0,200.0,STARVED
KNIGHT_PST_MG[13],153,2.127204e-10,4169,77.0,-200.0,200.0,STARVED
KNIGHT_PST_MG[10],150,2.142514e-10,4487,65.0,-200.0,200.0,STARVED
KING_PST_EG[16],732,2.149862e-10,1947,-11.0,-200.0,200.0,STARVED
BISHOP_PST_EG[1],333,2.153482e-10,2216,9.0,-200.0,200.0,STARVED
QUEEN_PST_MG[14],538,2.163620e-10,1792,33.0,-200.0,200.0,STARVED
KNIGHT_PST_MG[54],194,2.171260e-10,3164,40.0,-200.0,200.0,STARVED
ROOK_PST_MG[12],408,2.183799e-10,10104,81.0,-200.0,200.0,STARVED
KING_PST_MG[56],708,2.193208e-10,4938,-29.0,-200.0,200.0,STARVED
KNIGHT_PST_EG[3],207,2.196735e-10,2050,3.0,-200.0,200.0,STARVED
ROOK_PST_MG[15],411,2.204286e-10,9319,25.0,-200.0,200.0,STARVED
BISHOP_PST_EG[63],395,2.207246e-10,2753,9.0,-200.0,200.0,STARVED
ROOK_PST_MG[30],426,2.219138e-10,7001,-5.0,-200.0,200.0,STARVED
KNIGHT_PST_EG[54],258,2.226342e-10,3110,5.0,-200.0,200.0,STARVED
QUEEN_PST_EG[60],648,2.227646e-10,6477,27.0,-200.0,200.0,STARVED
BISHOP_PST_EG[62],394,2.240464e-10,2335,24.0,-200.0,200.0,STARVED
QUEEN_PST_EG[34],622,2.248864e-10,6501,57.0,-200.0,200.0,STARVED
ROOK_PST_MG[13],409,2.254531e-10,10224,78.0,-200.0,200.0,STARVED
BISHOP_PST_EG[5],337,2.268520e-10,2303,22.0,-200.0,200.0,STARVED
BISHOP_PST_EG[15],347,2.287917e-10,2822,16.0,-200.0,200.0,STARVED
KING_PST_EG[11],727,2.310906e-10,2440,-3.0,-200.0,200.0,STARVED
QUEEN_PST_EG[27],615,2.342297e-10,5492,79.0,-200.0,200.0,STARVED
ROOK_PST_MG[14],410,2.352149e-10,9025,-25.0,-200.0,200.0,STARVED
BISHOP_PST_MG[17],285,2.369257e-10,7232,47.0,-200.0,200.0,STARVED
QUEEN_PST_EG[58],646,2.393878e-10,8067,0.0,-200.0,200.0,STARVED
ROOK_PST_MG[38],434,2.401482e-10,6738,26.0,-200.0,200.0,STARVED
BISHOP_PST_EG[48],380,2.407487e-10,2729,12.0,-200.0,200.0,STARVED
QUEEN_PST_MG[15],539,2.414539e-10,2064,76.0,-200.0,200.0,STARVED
QUEEN_PST_EG[28],616,2.427298e-10,4741,97.0,-200.0,200.0,STARVED
QUEEN_PST_EG[36],624,2.444464e-10,6681,68.0,-200.0,200.0,STARVED
BISHOP_PST_MG[18],286,2.444548e-10,7482,31.0,-200.0,200.0,STARVED
BISHOP_PST_MG[14],282,2.455774e-10,4056,28.0,-200.0,200.0,STARVED
ROOK_PST_MG[20],416,2.456307e-10,8823,-14.0,-200.0,200.0,STARVED
BISHOP_PST_MG[10],278,2.459408e-10,5231,-10.0,-200.0,200.0,STARVED
KING_PST_EG[9],725,2.464192e-10,2073,-3.0,-200.0,200.0,STARVED
BISHOP_PST_MG[22],290,2.467236e-10,4933,25.0,-200.0,200.0,STARVED
QUEEN_PST_EG[49],637,2.467708e-10,7420,12.0,-200.0,200.0,STARVED
QUEEN_PST_EG[9],597,2.483947e-10,5389,66.0,-200.0,200.0,STARVED
QUEEN_PST_MG[22],546,2.501475e-10,2266,68.0,-200.0,200.0,STARVED
KING_PST_EG[10],726,2.502899e-10,2506,8.0,-200.0,200.0,STARVED
KING_PST_EG[14],730,2.531402e-10,2613,26.0,-200.0,200.0,STARVED
BISHOP_PST_EG[4],336,2.560521e-10,2354,28.0,-200.0,200.0,STARVED
KNIGHT_PST_EG[8],212,2.602575e-10,2494,4.0,-200.0,200.0,STARVED
BISHOP_PST_MG[56],324,2.610261e-10,4082,4.0,-200.0,200.0,STARVED
KING_PST_EG[12],728,2.616695e-10,2692,11.0,-200.0,200.0,STARVED
KNIGHT_PST_EG[14],218,2.616995e-10,2371,3.0,-200.0,200.0,STARVED
KING_PST_EG[13],729,2.620406e-10,2788,38.0,-200.0,200.0,STARVED
KNIGHT_PST_MG[22],162,2.629637e-10,4092,58.0,-200.0,200.0,STARVED
KNIGHT_PST_MG[33],173,2.635048e-10,5535,14.0,-200.0,200.0,STARVED
QUEEN_PST_EG[45],633,2.647187e-10,9276,63.0,-200.0,200.0,STARVED
KNIGHT_PST_MG[20],160,2.664760e-10,6620,76.0,-200.0,200.0,STARVED
KING_PST_MG[43],695,2.712558e-10,24041,-48.0,-200.0,200.0,STARVED
QUEEN_PST_EG[35],623,2.755163e-10,8214,85.0,-200.0,200.0,STARVED
BISHOP_PST_EG[3],335,2.767464e-10,2822,26.0,-200.0,200.0,STARVED
KNIGHT_PST_MG[24],164,2.775633e-10,5242,-11.0,-200.0,200.0,STARVED
BISHOP_PST_MG[63],331,2.791570e-10,2824,21.0,-200.0,200.0,STARVED
BISHOP_PST_EG[55],387,2.802016e-10,3725,-7.0,-200.0,200.0,STARVED
QUEEN_PST_EG[41],629,2.815370e-10,12516,0.0,-200.0,200.0,STARVED
QUEEN_PST_EG[44],632,2.824818e-10,8474,50.0,-200.0,200.0,STARVED
KNIGHT_PST_EG[16],220,2.877143e-10,2986,-25.0,-200.0,200.0,STARVED
ROOK_PST_MG[19],415,2.888595e-10,10967,18.0,-200.0,200.0,STARVED
KNIGHT_PST_EG[23],227,2.905365e-10,2446,-49.0,-200.0,200.0,STARVED
BISHOP_PST_MG[15],283,2.917213e-10,2960,-53.0,-200.0,200.0,STARVED
KNIGHT_PST_EG[58],262,2.937712e-10,3752,4.0,-200.0,200.0,STARVED
KNIGHT_PST_MG[48],188,2.973800e-10,2599,15.0,-200.0,200.0,STARVED
QUEEN_PST_MG[19],543,2.974187e-10,3778,12.0,-200.0,200.0,STARVED
BISHOP_PST_MG[39],307,2.996554e-10,4181,36.0,-200.0,200.0,STARVED
KNIGHT_PST_EG[47],251,2.999033e-10,8872,5.0,-200.0,200.0,STARVED
KNIGHT_PST_MG[17],157,3.004845e-10,5994,44.0,-200.0,200.0,STARVED
KNIGHT_PST_EG[61],265,3.007892e-10,5145,7.0,-200.0,200.0,STARVED
QUEEN_PST_EG[42],630,3.008697e-10,8363,48.0,-200.0,200.0,STARVED
BISHOP_PST_MG[32],300,3.019014e-10,5464,29.0,-200.0,200.0,STARVED
QUEEN_PST_MG[10],534,3.058562e-10,3787,19.0,-200.0,200.0,STARVED
QUEEN_PST_MG[17],541,3.099759e-10,3750,15.0,-200.0,200.0,STARVED
BISHOP_PST_MG[19],287,3.141420e-10,7746,33.0,-200.0,200.0,STARVED
ROOK_PST_MG[31],427,3.148375e-10,8812,-24.0,-200.0,200.0,STARVED
ROOK_PST_MG[11],407,3.148533e-10,13109,69.0,-200.0,200.0,STARVED
QUEEN_PST_MG[54],578,3.187666e-10,2973,58.0,-200.0,200.0,STARVED
BISHOP_PST_MG[9],277,3.282712e-10,6160,30.0,-200.0,200.0,STARVED
BISHOP_PST_EG[56],388,3.291381e-10,4059,10.0,-200.0,200.0,STARVED
BISHOP_PST_MG[57],325,3.297767e-10,4277,42.0,-200.0,200.0,STARVED
BISHOP_PST_EG[57],389,3.300129e-10,4143,17.0,-200.0,200.0,STARVED
ROOK_PST_MG[18],414,3.300883e-10,12757,4.0,-200.0,200.0,STARVED
ROOK_PST_MG[17],413,3.328409e-10,13597,9.0,-200.0,200.0,STARVED
BISHOP_PST_EG[39],371,3.330018e-10,4028,13.0,-200.0,200.0,STARVED
KING_PST_EG[24],740,3.332479e-10,2745,-19.0,-200.0,200.0,STARVED
BISHOP_PST_MG[29],297,3.357304e-10,7491,37.0,-200.0,200.0,STARVED
BISHOP_PST_EG[11],343,3.369901e-10,3754,22.0,-200.0,200.0,STARVED
PAWN_PST_MG[22],34,3.379038e-10,13067,29.0,-200.0,200.0,STARVED
ROOK_PST_MG[37],433,3.386540e-10,8920,6.0,-200.0,200.0,STARVED
KNIGHT_PST_EG[22],226,3.388753e-10,3987,-31.0,-200.0,200.0,STARVED
KING_PST_MG[49],701,3.488094e-10,13685,13.0,-200.0,200.0,STARVED
KNIGHT_PST_EG[12],216,3.489364e-10,3733,25.0,-200.0,200.0,STARVED
KNIGHT_PST_MG[38],178,3.495143e-10,5245,18.0,-200.0,200.0,STARVED
ROOK_PST_MG[16],412,3.506966e-10,14754,-10.0,-200.0,200.0,STARVED
KNIGHT_PST_EG[40],244,3.536594e-10,9893,4.0,-200.0,200.0,STARVED
BISHOP_PST_EG[12],344,3.581923e-10,3846,15.0,-200.0,200.0,STARVED
BISHOP_PST_EG[14],346,3.618120e-10,3921,14.0,-200.0,200.0,STARVED
QUEEN_PST_MG[18],542,3.620808e-10,4152,22.0,-200.0,200.0,STARVED
ROOK_PST_MG[28],424,3.669163e-10,9983,12.0,-200.0,200.0,STARVED
KING_PST_MG[44],696,3.671155e-10,32493,-49.0,-200.0,200.0,STARVED
BISHOP_PST_EG[8],340,3.673677e-10,3744,21.0,-200.0,200.0,STARVED
ROOK_PST_MG[27],423,3.771648e-10,11729,18.0,-200.0,200.0,STARVED
QUEEN_PST_EG[52],640,3.810133e-10,17064,11.0,-200.0,200.0,STARVED
ROOK_PST_MG[25],421,3.814497e-10,11844,-16.0,-200.0,200.0,STARVED
QUEEN_PST_EG[43],631,3.817179e-10,14654,32.0,-200.0,200.0,STARVED
KNIGHT_PST_EG[13],217,3.832685e-10,4108,-9.0,-200.0,200.0,STARVED
ROOK_PST_MG[33],429,3.840215e-10,10577,-13.0,-200.0,200.0,STARVED
ROOK_PST_MG[10],406,3.844487e-10,16454,52.0,-200.0,200.0,STARVED
KNIGHT_PST_EG[59],263,3.847887e-10,5604,16.0,-200.0,200.0,STARVED
KNIGHT_PST_MG[18],158,3.961290e-10,8245,22.0,-200.0,200.0,STARVED
QUEEN_PST_MG[23],547,3.963882e-10,2966,85.0,-200.0,200.0,STARVED
KNIGHT_PST_EG[38],242,3.969818e-10,5138,5.0,-200.0,200.0,STARVED
BISHOP_PST_MG[55],323,3.993785e-10,3948,43.0,-200.0,200.0,STARVED
KNIGHT_PST_MG[59],199,4.008713e-10,5761,22.0,-200.0,200.0,STARVED
KNIGHT_PST_EG[9],213,4.008891e-10,3848,26.0,-200.0,200.0,STARVED
BISHOP_PST_EG[13],345,4.012585e-10,4025,25.0,-200.0,200.0,STARVED
QUEEN_PST_EG[51],639,4.044607e-10,17654,6.0,-200.0,200.0,STARVED
KING_PST_EG[56],772,4.070616e-10,5001,-71.0,-200.0,200.0,STARVED
BISHOP_PST_MG[24],292,4.074807e-10,8204,17.0,-200.0,200.0,STARVED
PAWN_PST_MG[20],32,4.085296e-10,12322,78.0,-200.0,200.0,STARVED
KNIGHT_PST_MG[61],201,4.102208e-10,5265,27.0,-200.0,200.0,STARVED
PAWN_PST_MG[21],33,4.137661e-10,15567,85.0,-200.0,200.0,STARVED
ROOK_PST_MG[8],404,4.138214e-10,19621,12.0,-200.0,200.0,STARVED
ROOK_PST_MG[26],422,4.162199e-10,12820,11.0,-200.0,200.0,STARVED
KNIGHT_PST_EG[11],215,4.168910e-10,4225,26.0,-200.0,200.0,STARVED
BISHOP_PST_EG[23],355,4.186748e-10,5954,28.0,-200.0,200.0,STARVED
KING_PST_EG[32],748,4.216672e-10,3337,-12.0,-200.0,200.0,STARVED
KNIGHT_PST_EG[31],235,4.244740e-10,5033,-23.0,-200.0,200.0,STARVED
KNIGHT_PST_EG[10],214,4.250395e-10,4421,4.0,-200.0,200.0,STARVED
KNIGHT_PST_MG[31],171,4.268931e-10,5220,15.0,-200.0,200.0,STARVED
KNIGHT_PST_EG[53],257,4.291641e-10,7085,6.0,-200.0,200.0,STARVED
KNIGHT_PST_EG[39],243,4.334720e-10,7560,-23.0,-200.0,200.0,STARVED
QUEEN_PST_MG[29],553,4.340035e-10,4093,34.0,-200.0,200.0,STARVED
KNIGHT_PST_MG[55],195,4.396715e-10,3775,35.0,-200.0,200.0,STARVED
QUEEN_PST_MG[8],532,4.405596e-10,4129,8.0,-200.0,200.0,STARVED
KNIGHT_PST_EG[62],266,4.412380e-10,24517,-26.0,-200.0,200.0,STARVED
QUEEN_MG,8,4.412640e-10,83859,1200.0,800.0,1400.0,STARVED
ROOK_PST_MG[54],450,4.432832e-10,7371,22.0,-200.0,200.0,STARVED
QUEEN_PST_MG[26],550,4.485238e-10,4562,8.0,-200.0,200.0,STARVED
KING_PST_EG[17],733,4.501041e-10,3955,9.0,-200.0,200.0,STARVED
KNIGHT_PST_MG[19],159,4.515386e-10,9672,38.0,-200.0,200.0,STARVED
QUEEN_PST_MG[30],554,4.534077e-10,3454,32.0,-200.0,200.0,STARVED
KING_PST_EG[23],739,4.559271e-10,3944,11.0,-200.0,200.0,STARVED
BISHOP_PST_MG[26],294,4.566760e-10,10342,27.0,-200.0,200.0,STARVED
QUEEN_PST_MG[16],540,4.574672e-10,4157,26.0,-200.0,200.0,STARVED
BISHOP_PST_EG[22],354,4.585739e-10,4829,26.0,-200.0,200.0,STARVED
QUEEN_PST_MG[47],571,4.592165e-10,2695,47.0,-200.0,200.0,STARVED
KNIGHT_PST_EG[60],264,4.606478e-10,6674,2.0,-200.0,200.0,STARVED
ROOK_PST_MG[34],430,4.632469e-10,12259,-6.0,-200.0,200.0,STARVED
PAWN_PST_EG[12],88,4.632763e-10,3726,77.0,-200.0,200.0,STARVED
QUEEN_PST_EG[50],638,4.636501e-10,21490,4.0,-200.0,200.0,STARVED
BISHOP_PST_EG[32],364,4.640644e-10,5287,15.0,-200.0,200.0,STARVED
ROOK_PST_MG[36],432,4.640919e-10,11595,15.0,-200.0,200.0,STARVED
KING_PST_MG[47],699,4.722437e-10,24562,-55.0,-200.0,200.0,STARVED
BISHOP_PST_EG[10],342,4.725732e-10,5157,30.0,-200.0,200.0,STARVED
ROOK_PST_MG[24],420,4.735204e-10,14387,-23.0,-200.0,200.0,STARVED
KNIGHT_PST_EG[33],237,4.775836e-10,5458,-9.0,-200.0,200.0,STARVED
QUEEN_PST_MG[61],585,4.797556e-10,4258,49.0,-200.0,200.0,STARVED
QUEEN_PST_MG[24],548,4.821226e-10,4729,0.0,-200.0,200.0,STARVED
BISHOP_PST_EG[47],379,4.840923e-10,7498,9.0,-200.0,200.0,STARVED
KNIGHT_PST_EG[24],228,4.944217e-10,5178,-16.0,-200.0,200.0,STARVED
PAWN_PST_EG[13],89,4.950881e-10,3846,88.0,-200.0,200.0,STARVED
QUEEN_PST_EG[59],647,4.974484e-10,44921,-1.0,-200.0,200.0,STARVED
KING_PST_MG[50],702,4.975551e-10,20334,-16.0,-200.0,200.0,STARVED
KING_PST_EG[40],756,5.013169e-10,4448,-24.0,-200.0,200.0,STARVED
BISHOP_PST_MG[60],328,5.030960e-10,9412,40.0,-200.0,200.0,STARVED
ROOK_PST_MG[35],431,5.056807e-10,12931,4.0,-200.0,200.0,STARVED
BISHOP_PST_EG[16],348,5.093570e-10,6915,30.0,-200.0,200.0,STARVED
KNIGHT_PST_EG[32],236,5.107075e-10,8518,-19.0,-200.0,200.0,STARVED
BISHOP_PST_EG[20],352,5.109555e-10,5594,16.0,-200.0,200.0,STARVED
ROOK_PST_MG[46],442,5.145324e-10,7919,17.0,-200.0,200.0,STARVED
KNIGHT_PST_EG[21],225,5.164093e-10,4965,-19.0,-200.0,200.0,STARVED
ROOK_PST_EG[6],466,5.165854e-10,5729,45.0,-200.0,200.0,STARVED
ROOK_PST_EG[55],515,5.220979e-10,8867,30.0,-200.0,200.0,STARVED
KNIGHT_PST_MG[60],200,5.287340e-10,6933,48.0,-200.0,200.0,STARVED
QUEEN_PST_MG[28],552,5.318130e-10,4911,29.0,-200.0,200.0,STARVED
BISHOP_PST_MG[59],327,5.348993e-10,10404,33.0,-200.0,200.0,STARVED
ROOK_PST_EG[5],465,5.350126e-10,5758,51.0,-200.0,200.0,STARVED
BISHOP_PST_EG[21],353,5.381176e-10,5736,15.0,-200.0,200.0,STARVED
KING_PST_MG[45],697,5.423427e-10,42734,-50.0,-200.0,200.0,STARVED
QUEEN_PST_MG[56],580,5.426448e-10,4612,58.0,-200.0,200.0,STARVED
KING_PST_EG[22],738,5.436429e-10,5208,25.0,-200.0,200.0,STARVED
ROOK_PST_EG[54],514,5.443246e-10,7347,10.0,-200.0,200.0,STARVED
ROOK_PST_MG[9],405,5.454239e-10,19175,11.0,-200.0,200.0,STARVED
KING_PST_EG[20],736,5.483769e-10,5130,9.0,-200.0,200.0,STARVED
QUEEN_PST_MG[33],557,5.495801e-10,4906,0.0,-200.0,200.0,STARVED
BISHOP_PST_EG[31],363,5.503501e-10,7176,25.0,-200.0,200.0,STARVED
BISHOP_PST_MG[27],295,5.620810e-10,11448,62.0,-200.0,200.0,STARVED
ROOK_PST_EG[46],506,5.621874e-10,7823,19.0,-200.0,200.0,STARVED
KNIGHT_PST_EG[17],221,5.630013e-10,5959,-23.0,-200.0,200.0,STARVED
KNIGHT_PST_EG[50],254,5.635969e-10,8693,19.0,-200.0,200.0,STARVED
KNIGHT_PST_EG[57],261,5.637657e-10,30654,-22.0,-200.0,200.0,STARVED
PAWN_PST_MG[17],29,5.660576e-10,18020,4.0,-200.0,200.0,STARVED
ROOK_PST_MG[45],441,5.674469e-10,10426,25.0,-200.0,200.0,STARVED
PAWN_PST_EG[14],90,5.679304e-10,3955,119.0,-200.0,200.0,STARVED
BISHOP_PST_EG[9],341,5.679681e-10,6060,16.0,-200.0,200.0,STARVED
ROOK_PST_EG[38],498,5.755300e-10,6710,20.0,-200.0,200.0,STARVED
ROOK_PST_EG[47],507,5.784285e-10,8289,17.0,-200.0,200.0,STARVED
KING_PST_EG[18],734,5.786661e-10,4896,8.0,-200.0,200.0,STARVED
KING_PST_EG[48],764,5.867586e-10,6478,-38.0,-200.0,200.0,STARVED
BISHOP_PST_MG[33],301,5.933009e-10,11955,36.0,-200.0,200.0,STARVED
KNIGHT_PST_EG[20],224,6.026348e-10,6569,-20.0,-200.0,200.0,STARVED
PAWN_PST_MG[18],30,6.036668e-10,15553,28.0,-200.0,200.0,STARVED
BISHOP_PST_EG[29],361,6.044963e-10,7400,25.0,-200.0,200.0,STARVED
KNIGHT_PST_MG[29],169,6.048438e-10,10155,51.0,-200.0,200.0,STARVED
BISHOP_PST_MG[16],284,6.070713e-10,7227,-9.0,-200.0,200.0,STARVED
ROOK_PST_EG[7],467,6.078176e-10,6492,47.0,-200.0,200.0,STARVED
KING_PST_EG[19],735,6.093757e-10,5439,13.0,-200.0,200.0,STARVED
BISHOP_PST_MG[53],321,6.218377e-10,9924,61.0,-200.0,200.0,STARVED
ROOK_PST_MG[42],438,6.224760e-10,13150,1.0,-200.0,200.0,STARVED
KNIGHT_PST_EG[46],250,6.361106e-10,11271,3.0,-200.0,200.0,STARVED
PAWN_PST_EG[15],91,6.411059e-10,4958,159.0,-200.0,200.0,STARVED
QUEEN_PST_MG[48],572,6.423432e-10,4722,21.0,-200.0,200.0,STARVED
ROOK_PST_EG[30],490,6.426457e-10,6976,36.0,-200.0,200.0,STARVED
QUEEN_PST_MG[39],563,6.494056e-10,4023,35.0,-200.0,200.0,STARVED
BISHOP_PST_EG[19],351,6.506959e-10,7700,17.0,-200.0,200.0,STARVED
ROOK_PST_MG[39],435,6.523475e-10,9213,-14.0,-200.0,200.0,STARVED
QUEEN_PST_MG[40],564,6.554695e-10,4557,25.0,-200.0,200.0,STARVED
KING_PST_EG[21],737,6.586412e-10,5578,35.0,-200.0,200.0,STARVED
KING_PST_EG[25],741,6.601137e-10,5488,24.0,-200.0,200.0,STARVED
BISHOP_PST_EG[18],350,6.601578e-10,7458,22.0,-200.0,200.0,STARVED
ROOK_PST_EG[29],489,6.636312e-10,7656,30.0,-200.0,200.0,STARVED
ROOK_PST_EG[22],482,6.668130e-10,6843,19.0,-200.0,200.0,STARVED
BISHOP_PST_EG[17],349,6.673761e-10,7198,14.0,-200.0,200.0,STARVED
ROOK_PST_EG[21],481,6.687207e-10,7211,27.0,-200.0,200.0,STARVED
BISHOP_PST_MG[23],291,6.740153e-10,6326,-1.0,-200.0,200.0,STARVED
ROOK_PST_EG[39],499,6.752297e-10,8844,32.0,-200.0,200.0,STARVED
PAWN_PST_EG[10],86,6.783424e-10,5518,94.0,-200.0,200.0,STARVED
KNIGHT_PST_EG[41],245,6.868418e-10,11133,25.0,-200.0,200.0,STARVED
PAWN_PST_EG[11],87,6.909161e-10,5395,61.0,-200.0,200.0,STARVED
BISHOP_PST_MG[28],296,6.970663e-10,11714,47.0,-200.0,200.0,STARVED
KING_PST_MG[46],698,6.979863e-10,43871,-18.0,-200.0,200.0,STARVED
ROOK_PST_EG[4],464,7.018436e-10,7715,40.0,-200.0,200.0,STARVED
ROOK_PST_MG[41],437,7.045321e-10,11921,-8.0,-200.0,200.0,STARVED
PAWN_PST_MG[19],31,7.066615e-10,17376,27.0,-200.0,200.0,STARVED
BISHOP_PST_EG[38],370,7.072911e-10,9360,14.0,-200.0,200.0,STARVED
BISHOP_PST_MG[38],306,7.079818e-10,9501,36.0,-200.0,200.0,STARVED
KNIGHT_PST_EG[30],234,7.080185e-10,12108,6.0,-200.0,200.0,STARVED
BISHOP_PST_EG[24],356,7.085801e-10,8141,20.0,-200.0,200.0,STARVED
ROOK_PST_EG[37],497,7.110825e-10,8901,27.0,-200.0,200.0,STARVED
ROOK_PST_MG[43],439,7.140629e-10,15033,-2.0,-200.0,200.0,STARVED
QUEEN_PST_MG[53],577,7.203568e-10,5772,80.0,-200.0,200.0,STARVED
BISHOP_PST_MG[31],299,7.221787e-10,7464,16.0,-200.0,200.0,STARVED
ROOK_PST_MG[32],428,7.264293e-10,13776,-25.0,-200.0,200.0,STARVED
PAWN_PST_MG[23],35,7.322803e-10,18908,-4.0,-200.0,200.0,STARVED
BISHOP_PST_EG[53],385,7.337036e-10,9750,11.0,-200.0,200.0,STARVED
QUEEN_PST_MG[25],549,7.377766e-10,4976,14.0,-200.0,200.0,STARVED
ROOK_PST_MG[49],445,7.391398e-10,12946,-1.0,-200.0,200.0,STARVED
BISHOP_PST_EG[30],362,7.412123e-10,11445,17.0,-200.0,200.0,STARVED
KNIGHT_PST_EG[18],222,7.458811e-10,8185,6.0,-200.0,200.0,STARVED
QUEEN_PST_MG[27],551,7.676799e-10,5824,11.0,-200.0,200.0,STARVED
PASSED_MG_6,785,7.679073e-10,38670,52.0,0.0,150.0,STARVED
BISHOP_PST_MG[35],303,7.725891e-10,15544,51.0,-200.0,200.0,STARVED
ROOK_PST_EG[20],480,7.727746e-10,8818,39.0,-200.0,200.0,STARVED
BISHOP_PST_EG[60],392,7.762102e-10,9339,15.0,-200.0,200.0,STARVED
ROOK_PST_MG[44],440,7.815451e-10,14441,14.0,-200.0,200.0,STARVED
ROOK_PST_EG[31],491,7.821814e-10,8734,47.0,-200.0,200.0,STARVED
ROOK_PST_MG[47],443,7.825256e-10,8704,-6.0,-200.0,200.0,STARVED
ROOK_PST_EG[23],483,7.887213e-10,8171,35.0,-200.0,200.0,STARVED
ROOK_PST_EG[45],505,7.927715e-10,10378,14.0,-200.0,200.0,STARVED
PAWN_PST_EG[9],85,7.945740e-10,6646,114.0,-200.0,200.0,STARVED
BISHOP_PST_EG[40],372,7.961700e-10,11283,14.0,-200.0,200.0,STARVED
ROOK_PST_EG[53],513,8.093655e-10,12851,13.0,-200.0,200.0,STARVED
KING_PST_EG[33],749,8.107719e-10,6805,-8.0,-200.0,200.0,STARVED
ROOK_PST_MG[53],449,8.305861e-10,12957,36.0,-200.0,200.0,STARVED
KING_PST_EG[31],747,8.448558e-10,7296,17.0,-200.0,200.0,STARVED
KING_PST_MG[51],703,8.455315e-10,29119,-60.0,-200.0,200.0,STARVED
KNIGHT_PST_EG[19],223,8.514817e-10,9609,2.0,-200.0,200.0,STARVED
ROOK_PST_EG[33],493,8.532116e-10,10554,42.0,-200.0,200.0,STARVED
QUEEN_PST_MG[37],561,8.541391e-10,5913,36.0,-200.0,200.0,STARVED
KING_PST_MG[59],711,8.564724e-10,17778,-67.0,-200.0,200.0,STARVED
QUEEN_PST_MG[46],570,8.578800e-10,5095,54.0,-200.0,200.0,STARVED
ROOK_PST_EG[28],488,8.581099e-10,9967,36.0,-200.0,200.0,STARVED
ROOK_PST_EG[41],501,8.668558e-10,11769,34.0,-200.0,200.0,STARVED
BISHOP_PST_MG[41],309,8.671589e-10,11699,49.0,-200.0,200.0,STARVED
ROOK_PST_EG[12],472,8.696807e-10,10104,-18.0,-200.0,200.0,STARVED
KNIGHT_PST_EG[29],233,8.724000e-10,9962,6.0,-200.0,200.0,STARVED
QUEEN_PST_MG[38],562,8.726783e-10,5593,32.0,-200.0,200.0,STARVED
BISHOP_PST_EG[59],391,8.828083e-10,10317,18.0,-200.0,200.0,STARVED
PAWN_PST_EG[8],84,8.873129e-10,7977,134.0,-200.0,200.0,STARVED
ROOK_PST_EG[3],463,8.889707e-10,9806,35.0,-200.0,200.0,STARVED
PAWN_PST_MG[16],28,8.905383e-10,25153,5.0,-200.0,200.0,STARVED
ROOK_PST_EG[14],474,8.958652e-10,8998,23.0,-200.0,200.0,STARVED
BISHOP_PST_EG[46],378,8.977620e-10,13484,18.0,-200.0,200.0,STARVED
KNIGHT_PST_MG[26],166,9.008452e-10,13359,7.0,-200.0,200.0,STARVED
BISHOP_PST_EG[27],359,9.018476e-10,11291,22.0,-200.0,200.0,STARVED
ROOK_PST_EG[2],462,9.020602e-10,9889,49.0,-200.0,200.0,STARVED
ROOK_PST_EG[49],509,9.033279e-10,12893,24.0,-200.0,200.0,STARVED
ROOK_PST_EG[1],461,9.056946e-10,9756,37.0,-200.0,200.0,STARVED
KING_PST_EG[26],742,9.150599e-10,7438,26.0,-200.0,200.0,STARVED
BISHOP_PST_EG[50],382,9.158517e-10,11892,14.0,-200.0,200.0,STARVED
ROOK_PST_EG[19],479,9.261452e-10,10964,37.0,-200.0,200.0,STARVED
ROOK_PST_EG[15],475,9.289703e-10,9305,8.0,-200.0,200.0,STARVED
QUEEN_PST_MG[9],533,9.297605e-10,5788,-14.0,-200.0,200.0,STARVED
BISHOP_PST_EG[28],360,9.349422e-10,11456,23.0,-200.0,200.0,STARVED
BISHOP_PST_EG[26],358,9.361186e-10,10264,29.0,-200.0,200.0,STARVED
BISHOP_PST_EG[41],373,9.365423e-10,11358,19.0,-200.0,200.0,STARVED
QUEEN_EG,9,9.381203e-10,83818,1040.0,700.0,1100.0,STARVED
QUEEN_PST_MG[36],560,9.444832e-10,7014,35.0,-200.0,200.0,STARVED
ROOK_PST_MG[52],448,9.458840e-10,16123,25.0,-200.0,200.0,STARVED
QUEEN_PST_MG[49],573,9.575025e-10,7514,48.0,-200.0,200.0,STARVED
ROOK_PST_MG[40],436,9.611078e-10,14448,-25.0,-200.0,200.0,STARVED
BISHOP_PST_MG[36],304,9.634373e-10,15005,60.0,-200.0,200.0,STARVED
KNIGHT_PST_EG[25],229,9.637145e-10,14468,2.0,-200.0,200.0,STARVED
QUEEN_PST_MG[57],581,9.790306e-10,6489,56.0,-200.0,200.0,STARVED
ROOK_PST_EG[36],496,9.796259e-10,11578,26.0,-200.0,200.0,STARVED
KNIGHT_PST_EG[37],241,9.894985e-10,15263,16.0,-200.0,200.0,STARVED
ROOK_PST_EG[40],500,9.918824e-10,14086,33.0,-200.0,200.0,STARVED
ROOK_PST_EG[34],494,1.001888e-09,12233,42.0,-200.0,200.0,STARVED
ROOK_PST_MG[55],451,1.017523e-09,9725,-37.0,-200.0,200.0,STARVED
ROOK_PST_EG[27],487,1.018381e-09,11721,32.0,-200.0,200.0,STARVED
ROOK_PST_EG[42],502,1.019321e-09,13101,24.0,-200.0,200.0,STARVED
BISHOP_PST_EG[33],365,1.019884e-09,11854,19.0,-200.0,200.0,STARVED
QUEEN_PST_MG[60],584,1.025612e-09,6885,60.0,-200.0,200.0,STARVED
ROOK_PST_EG[13],473,1.026410e-09,10222,-7.0,-200.0,200.0,STARVED
KING_PST_EG[27],743,1.034200e-09,9196,42.0,-200.0,200.0,STARVED
ROOK_PST_MG[51],447,1.037775e-09,18915,14.0,-200.0,200.0,STARVED
ROOK_PST_EG[26],486,1.038500e-09,12806,46.0,-200.0,200.0,STARVED
ROOK_PST_EG[25],485,1.041539e-09,11815,43.0,-200.0,200.0,STARVED
ROOK_PST_EG[32],492,1.046002e-09,13403,43.0,-200.0,200.0,STARVED
ROOK_PST_EG[48],508,1.065040e-09,17524,28.0,-200.0,200.0,STARVED
ROOK_PST_MG[50],446,1.065146e-09,17592,-2.0,-200.0,200.0,STARVED
KNIGHT_PST_EG[27],231,1.086429e-09,14715,17.0,-200.0,200.0,STARVED
KNIGHT_PST_MG[53],193,1.086883e-09,8034,61.0,-200.0,200.0,STARVED
ROOK_PST_EG[44],504,1.096204e-09,14360,18.0,-200.0,200.0,STARVED
KNIGHT_PST_MG[44],184,1.096710e-09,14518,70.0,-200.0,200.0,STARVED
ROOK_PST_EG[0],460,1.100529e-09,11896,45.0,-200.0,200.0,STARVED
KNIGHT_PST_EG[44],248,1.111130e-09,14031,32.0,-200.0,200.0,STARVED
BISHOP_PST_MG[47],315,1.111376e-09,8301,46.0,-200.0,200.0,STARVED
BISHOP_PST_EG[25],357,1.113248e-09,16157,26.0,-200.0,200.0,STARVED
QUEEN_PST_MG[34],558,1.123707e-09,7118,36.0,-200.0,200.0,STARVED
ROOK_PST_EG[18],478,1.126823e-09,12754,41.0,-200.0,200.0,STARVED
ROOK_PST_EG[35],495,1.138000e-09,12901,33.0,-200.0,200.0,STARVED
ROOK_PST_EG[52],512,1.138136e-09,16087,15.0,-200.0,200.0,STARVED
KNIGHT_PST_EG[26],230,1.140894e-09,13068,22.0,-200.0,200.0,STARVED
KNIGHT_PST_EG[43],247,1.148323e-09,14969,38.0,-200.0,200.0,STARVED
BISHOP_PST_EG[36],368,1.149820e-09,14728,17.0,-200.0,200.0,STARVED
KNIGHT_PST_EG[34],238,1.158174e-09,16008,14.0,-200.0,200.0,STARVED
ROOK_PST_EG[11],471,1.167835e-09,13107,-5.0,-200.0,200.0,STARVED
ROOK_PST_EG[17],477,1.169045e-09,13590,43.0,-200.0,200.0,STARVED
KING_PST_EG[30],746,1.180996e-09,9865,36.0,-200.0,200.0,STARVED
BISHOP_PST_MG[50],318,1.184600e-09,12417,49.0,-200.0,200.0,STARVED
BISHOP_PST_EG[37],369,1.189420e-09,20891,27.0,-200.0,200.0,STARVED
KING_PST_EG[41],757,1.193558e-09,10667,2.0,-200.0,200.0,STARVED
KING_PST_EG[29],745,1.195622e-09,10597,45.0,-200.0,200.0,STARVED
KING_PST_EG[28],744,1.198392e-09,10426,37.0,-200.0,200.0,STARVED
QUEEN_PST_MG[42],566,1.199503e-09,8629,41.0,-200.0,200.0,STARVED
ROOK_PST_EG[50],510,1.216632e-09,17518,28.0,-200.0,200.0,STARVED
ROOK_PST_EG[24],484,1.222368e-09,14340,46.0,-200.0,200.0,STARVED
BISHOP_PST_EG[35],367,1.223051e-09,15310,30.0,-200.0,200.0,STARVED
ROOK_PST_EG[43],503,1.230472e-09,14976,28.0,-200.0,200.0,STARVED
BISHOP_PST_EG[34],366,1.230969e-09,18621,30.0,-200.0,200.0,STARVED
KNIGHT_PST_EG[52],256,1.274620e-09,26346,18.0,-200.0,200.0,STARVED
ROOK_PST_EG[16],476,1.296075e-09,14740,44.0,-200.0,200.0,STARVED
PAWN_PST_EG[51],127,1.299747e-09,36204,-1.0,-200.0,200.0,STARVED
KNIGHT_PST_EG[36],240,1.320960e-09,20128,14.0,-200.0,200.0,STARVED
KNIGHT_PST_EG[28],232,1.338191e-09,20310,19.0,-200.0,200.0,STARVED
QUEEN_PST_MG[31],555,1.342564e-09,6396,26.0,-200.0,200.0,STARVED
QUEEN_PST_MG[44],568,1.362457e-09,8978,46.0,-200.0,200.0,STARVED
KING_PST_EG[49],765,1.373559e-09,13956,-11.0,-200.0,200.0,STARVED
KNIGHT_PST_MG[43],183,1.376466e-09,15674,54.0,-200.0,200.0,STARVED
KING_PST_EG[34],750,1.399126e-09,11300,36.0,-200.0,200.0,STARVED
PAWN_PST_EG[20],96,1.403319e-09,12497,-36.0,-200.0,200.0,STARVED
KNIGHT_PST_MG[50],190,1.415461e-09,9876,33.0,-200.0,200.0,STARVED
KNIGHT_PST_MG[39],179,1.420635e-09,8849,-8.0,-200.0,200.0,STARVED
ROOK_PST_EG[51],511,1.423063e-09,18864,28.0,-200.0,200.0,STARVED
KING_PST_EG[39],755,1.426399e-09,12955,2.0,-200.0,200.0,STARVED
PAWN_PST_EG[52],128,1.430562e-09,35917,10.0,-200.0,200.0,STARVED
KNIGHT_PST_EG[51],255,1.466708e-09,33409,16.0,-200.0,200.0,STARVED
ROOK_PST_EG[10],470,1.469306e-09,16448,2.0,-200.0,200.0,STARVED
KING_PST_EG[57],773,1.481168e-09,20773,-52.0,-200.0,200.0,STARVED
KING_PST_EG[59],775,1.524994e-09,17837,3.0,-200.0,200.0,STARVED
BISHOP_PST_MG[40],308,1.589378e-09,12284,32.0,-200.0,200.0,STARVED
BISHOP_PST_EG[54],386,1.598319e-09,40234,0.0,-200.0,200.0,STARVED
BISHOP_PST_EG[45],377,1.604917e-09,23646,12.0,-200.0,200.0,STARVED
ROOK_PST_EG[62],522,1.608149e-09,26561,22.0,-200.0,200.0,STARVED
BISHOP_PST_EG[49],381,1.615225e-09,35465,0.0,-200.0,200.0,STARVED
KING_PST_EG[58],774,1.616358e-09,21642,-23.0,-200.0,200.0,STARVED
KNIGHT_PST_EG[35],239,1.631079e-09,23937,23.0,-200.0,200.0,STARVED
KNIGHT_PST_MG[32],172,1.642629e-09,9923,-8.0,-200.0,200.0,STARVED
KING_PST_MG[57],709,1.656488e-09,20791,19.0,-200.0,200.0,STARVED
BISHOP_PST_EG[61],393,1.677206e-09,50704,14.0,-200.0,200.0,STARVED
BISHOP_PST_EG[42],374,1.678148e-09,23197,26.0,-200.0,200.0,STARVED
KING_PST_MG[53],705,1.683337e-09,58781,-26.0,-200.0,200.0,STARVED
QUEEN_PST_MG[58],582,1.692056e-09,8917,66.0,-200.0,200.0,STARVED
PAWN_PST_EG[22],98,1.724003e-09,13708,20.0,-200.0,200.0,STARVED
BISHOP_PST_MG[46],314,1.735839e-09,14474,48.0,-200.0,200.0,STARVED
ROOK_PST_EG[9],469,1.739121e-09,19149,14.0,-200.0,200.0,STARVED
KING_PST_MG[52],704,1.743662e-09,50688,-41.0,-200.0,200.0,STARVED
PAWN_PST_EG[18],94,1.746092e-09,15831,18.0,-200.0,200.0,STARVED
KNIGHT_PST_MG[27],167,1.748972e-09,16035,41.0,-200.0,200.0,STARVED
BISHOP_PST_EG[58],390,1.751066e-09,60789,9.0,-200.0,200.0,STARVED
ROOK_PST_EG[8],468,1.800252e-09,19608,12.0,-200.0,200.0,STARVED
QUEEN_PST_MG[35],559,1.819006e-09,9495,29.0,-200.0,200.0,STARVED
PAWN_PST_MG[29],41,1.829251e-09,41978,17.0,-200.0,200.0,STARVED
PAWN_PST_EG[19],95,1.849359e-09,17525,-18.0,-200.0,200.0,STARVED
PAWN_PST_EG[21],97,1.851992e-09,16149,-14.0,-200.0,200.0,STARVED
KNIGHT_PST_MG[41],181,1.863763e-09,12479,31.0,-200.0,200.0,STARVED
KING_PST_EG[35],751,1.869883e-09,14873,47.0,-200.0,200.0,STARVED
KING_PST_EG[42],758,1.910532e-09,16174,24.0,-200.0,200.0,STARVED
KING_PST_MG[58],710,1.965284e-09,21830,4.0,-200.0,200.0,STARVED
KNIGHT_PST_EG[42],246,1.977581e-09,57115,22.0,-200.0,200.0,STARVED
KING_PST_EG[38],754,2.033832e-09,19044,26.0,-200.0,200.0,STARVED
KNIGHT_PST_MG[46],186,2.063293e-09,12718,67.0,-200.0,200.0,STARVED
ROOK_PST_MG[48],444,2.084977e-09,18842,-18.0,-200.0,200.0,STARVED
BISHOP_PST_EG[51],383,2.116710e-09,41935,16.0,-200.0,200.0,STARVED
BISHOP_PST_EG[43],375,2.117639e-09,37730,27.0,-200.0,200.0,STARVED
PAWN_PST_EG[17],93,2.117962e-09,18551,46.0,-200.0,200.0,STARVED
KNIGHT_PST_MG[34],174,2.122735e-09,17390,14.0,-200.0,200.0,STARVED
BISHOP_PST_EG[44],376,2.128164e-09,35790,32.0,-200.0,200.0,STARVED
KING_PST_EG[50],766,2.152600e-09,20787,16.0,-200.0,200.0,STARVED
BISHOP_PST_MG[45],313,2.163751e-09,24096,71.0,-200.0,200.0,STARVED
BISHOP_PST_MG[42],310,2.166124e-09,23829,50.0,-200.0,200.0,STARVED
PASSED_MG_5,784,2.209439e-09,87908,10.0,0.0,150.0,STARVED
QUEEN_PST_MG[45],569,2.217454e-09,10311,48.0,-200.0,200.0,STARVED
BISHOP_PST_MG[30],298,2.254213e-09,13581,29.0,-200.0,200.0,STARVED
KING_PST_EG[47],763,2.272568e-09,24935,-7.0,-200.0,200.0,STARVED
KING_PST_EG[36],752,2.274763e-09,20364,53.0,-200.0,200.0,STARVED
ROOK_7TH_MG,815,2.319268e-09,92099,0.0,0.0,50.0,STARVED
KNIGHT_PST_MG[37],177,2.325466e-09,16997,13.0,-200.0,200.0,STARVED
PAWN_PST_EG[23],99,2.375036e-09,19363,32.0,-200.0,200.0,STARVED
KNIGHT_PST_EG[45],249,2.423650e-09,70430,16.0,-200.0,200.0,STARVED
BISHOP_PST_EG[52],384,2.534283e-09,57005,16.0,-200.0,200.0,STARVED
KING_PST_MG[55],707,2.586009e-09,70521,12.0,-200.0,200.0,STARVED
KNIGHT_PST_MG[30],170,2.658380e-09,14518,9.0,-200.0,200.0,STARVED
KING_PST_EG[37],753,2.718039e-09,23754,41.0,-200.0,200.0,STARVED
ROOK_PST_EG[63],523,2.737161e-09,64710,3.0,-200.0,200.0,STARVED
KNIGHT_PST_MG[36],176,2.757175e-09,22170,19.0,-200.0,200.0,STARVED
ROOK_PST_EG[61],521,2.819660e-09,68115,9.0,-200.0,200.0,STARVED
ROOK_PST_EG[57],517,2.822824e-09,48305,23.0,-200.0,200.0,STARVED
KING_PST_MG[54],706,2.858404e-09,85048,15.0,-200.0,200.0,STARVED
KING_PST_EG[60],776,2.941202e-09,57769,-22.0,-200.0,200.0,STARVED
KNIGHT_PST_MG[25],165,2.961940e-09,17021,11.0,-200.0,200.0,STARVED
KING_PST_EG[43],759,2.971396e-09,24944,39.0,-200.0,200.0,STARVED
KING_PST_MG[61],713,3.004715e-09,52339,-31.0,-200.0,200.0,STARVED
PAWN_PST_EG[16],92,3.010730e-09,25792,52.0,-200.0,200.0,STARVED
KING_PST_EG[51],767,3.032211e-09,29491,29.0,-200.0,200.0,STARVED
KING_PST_EG[63],779,3.050357e-09,48777,-71.0,-200.0,200.0,STARVED
BISHOP_PST_MG[25],293,3.064318e-09,19399,34.0,-200.0,200.0,STARVED
BISHOP_PST_MG[34],302,3.110557e-09,21406,35.0,-200.0,200.0,STARVED
ROOK_PST_EG[58],518,3.291214e-09,55892,24.0,-200.0,200.0,STARVED
KNIGHT_PST_MG[35],175,3.331127e-09,26280,14.0,-200.0,200.0,STARVED
ROOK_PST_EG[60],520,3.380197e-09,59973,12.0,-200.0,200.0,STARVED
KING_PST_MG[63],715,3.567427e-09,49016,-1.0,-200.0,200.0,STARVED
QUEEN_PST_MG[32],556,3.628600e-09,12814,41.0,-200.0,200.0,STARVED
KING_PST_EG[44],760,3.681302e-09,33477,41.0,-200.0,200.0,STARVED
QUEEN_PST_MG[43],567,3.689519e-09,16743,51.0,-200.0,200.0,STARVED
BISHOP_PAIR_EG,814,3.755348e-09,87622,52.0,15.0,80.0,STARVED
PAWN_PST_MG[31],43,3.755539e-09,72879,-22.0,-200.0,200.0,STARVED
KNIGHT_PST_MG[47],187,3.770154e-09,13381,27.0,-200.0,200.0,STARVED
PAWN_PST_EG[43],119,3.826660e-09,63297,-1.0,-200.0,200.0,STARVED
ROOK_PST_MG[62],458,3.850210e-09,28821,2.0,-200.0,200.0,STARVED
QUEEN_PST_MG[41],565,3.924046e-09,15534,56.0,-200.0,200.0,STARVED
PAWN_PST_MG[24],36,3.927574e-09,74359,-17.0,-200.0,200.0,STARVED
KNIGHT_PST_MG[28],168,3.950837e-09,23718,19.0,-200.0,200.0,STARVED
PAWN_PST_MG[30],42,3.975192e-09,55313,7.0,-200.0,200.0,STARVED
KNIGHT_PST_MG[40],180,4.096526e-09,14745,16.0,-200.0,200.0,STARVED
ROOK_PST_EG[59],519,4.111924e-09,67181,18.0,-200.0,200.0,STARVED
KING_PST_EG[61],777,4.177814e-09,51744,-7.0,-200.0,200.0,STARVED
ROOK_MG,6,4.195969e-09,176840,558.0,350.0,600.0,STARVED
PASSED_MG_2,781,4.210385e-09,128140,4.0,0.0,150.0,STARVED
ROOK_PST_EG[56],516,4.257130e-09,88937,23.0,-200.0,200.0,STARVED
PAWN_PST_EG[29],105,4.303924e-09,42721,-4.0,-200.0,200.0,STARVED
KING_PST_EG[46],762,4.371401e-09,44538,11.0,-200.0,200.0,STARVED
QUEEN_PST_MG[51],575,4.523898e-09,19883,67.0,-200.0,200.0,STARVED
PAWN_PST_MG[26],38,4.556528e-09,59129,3.0,-200.0,200.0,STARVED
PAWN_PST_EG[27],103,4.576630e-09,59804,-16.0,-200.0,200.0,STARVED
QUEEN_PST_MG[52],576,4.595528e-09,19752,77.0,-200.0,200.0,STARVED
PASSED_MG_1,780,4.605622e-09,88732,8.0,0.0,150.0,STARVED
PAWN_PST_MG[25],37,4.774842e-09,62078,0.0,-200.0,200.0,STARVED
PASSED_MG_4,783,4.781856e-09,142166,8.0,0.0,150.0,STARVED
KING_PST_EG[45],761,4.849489e-09,43824,31.0,-200.0,200.0,STARVED
BISHOP_PST_MG[37],305,4.891230e-09,25488,21.0,-200.0,200.0,STARVED
PASSED_EG_6,791,4.915175e-09,39652,129.0,0.0,200.0,STARVED
KING_PST_EG[52],768,5.068280e-09,51003,28.0,-200.0,200.0,STARVED
PAWN_PST_EG[26],102,5.201534e-09,57855,5.0,-200.0,200.0,STARVED
PAWN_PST_EG[30],106,5.301906e-09,54248,10.0,-200.0,200.0,STARVED
KING_PST_EG[53],769,5.374519e-09,59134,16.0,-200.0,200.0,STARVED
PASSED_MG_3,782,5.526309e-09,167848,0.0,0.0,150.0,STARVED
KING_PST_EG[55],771,5.601109e-09,70898,-34.0,-200.0,200.0,STARVED
ROOK_PST_MG[58],454,5.671449e-09,57141,24.0,-200.0,200.0,STARVED
QUEEN_PST_MG[50],574,5.740971e-09,25010,66.0,-200.0,200.0,STARVED
KNIGHT_PST_MG[52],192,5.757938e-09,30637,56.0,-200.0,200.0,STARVED
PAWN_PST_EG[25],101,5.910753e-09,60517,18.0,-200.0,200.0,STARVED
BISHOP_PST_MG[44],312,6.066064e-09,40300,45.0,-200.0,200.0,STARVED
PAWN_PST_EG[50],126,6.101057e-09,105295,11.0,-200.0,200.0,STARVED
ROOK_PST_MG[57],453,6.125815e-09,50833,16.0,-200.0,200.0,STARVED
PAWN_PST_EG[36],112,6.258160e-09,85214,-9.0,-200.0,200.0,STARVED
PAWN_PST_MG[38],50,6.371297e-09,99144,-9.0,-200.0,200.0,STARVED
ROOK_BEHIND_PASSER_EG,828,6.380667e-09,92441,4.0,0.0,50.0,STARVED
PAWN_PST_EG[34],110,6.615298e-09,88144,-3.0,-200.0,200.0,STARVED
ROOK_PST_MG[60],456,6.777058e-09,61661,40.0,-200.0,200.0,STARVED
ROOK_PST_MG[59],455,6.914233e-09,68412,34.0,-200.0,200.0,STARVED
KING_PST_EG[54],770,7.049671e-09,85698,-8.0,-200.0,200.0,STARVED
PAWN_PST_EG[28],104,7.221872e-09,90168,-10.0,-200.0,200.0,STARVED
PAWN_PST_EG[35],111,7.311636e-09,114738,-10.0,-200.0,200.0,STARVED
PAWN_PST_EG[31],107,7.323245e-09,73043,15.0,-200.0,200.0,STARVED
PAWN_PST_MG[27],39,7.323405e-09,64077,21.0,-200.0,200.0,STARVED
PAWN_PST_EG[24],100,7.447820e-09,74837,32.0,-200.0,200.0,STARVED
PAWN_PST_EG[33],109,7.603572e-09,86915,13.0,-200.0,200.0,STARVED
PAWN_PST_MG[33],45,7.818902e-09,90655,-26.0,-200.0,200.0,STARVED
ROOK_7TH_EG,816,8.533123e-09,92011,32.0,0.0,50.0,STARVED
BISHOP_PST_MG[43],311,8.565266e-09,45281,44.0,-200.0,200.0,STARVED
PAWN_PST_EG[42],118,8.777582e-09,126549,-4.0,-200.0,200.0,STARVED
BISHOP_PST_MG[49],317,8.780707e-09,42606,60.0,-200.0,200.0,STARVED
PAWN_PST_EG[38],114,8.905567e-09,96798,0.0,-200.0,200.0,STARVED
PAWN_PST_EG[48],124,9.105696e-09,135127,14.0,-200.0,200.0,STARVED
KNIGHT_PST_MG[51],191,9.120426e-09,41477,55.0,-200.0,200.0,STARVED
PAWN_PST_EG[32],108,9.321302e-09,114221,18.0,-200.0,200.0,STARVED
KING_PST_EG[62],778,9.322235e-09,154881,-43.0,-200.0,200.0,STARVED
PAWN_PST_EG[55],131,9.386758e-09,148445,-10.0,-200.0,200.0,STARVED
PASSED_EG_1,786,9.442783e-09,89217,5.0,0.0,200.0,STARVED
PAWN_PST_MG[28],40,9.489294e-09,94147,23.0,-200.0,200.0,STARVED
ROOK_EG,7,9.531470e-09,176802,555.0,350.0,650.0,STARVED
PAWN_PST_EG[37],113,9.985241e-09,119531,-9.0,-200.0,200.0,STARVED
BISHOP_PST_MG[51],319,1.017785e-08,50808,42.0,-200.0,200.0,STARVED
OPEN_FILE,798,1.042271e-08,267857,45.0,0.0,80.0,STARVED
PAWN_PST_EG[49],125,1.054780e-08,160046,4.0,-200.0,200.0,STARVED
PAWN_PST_MG[45],57,1.085576e-08,139924,1.0,-200.0,200.0,STARVED
PAWN_PST_EG[39],115,1.087910e-08,128284,2.0,-200.0,200.0,STARVED
PAWN_PST_EG[41],117,1.088935e-08,133382,6.0,-200.0,200.0,STARVED
PASSED_EG_5,790,1.128146e-08,90651,129.0,0.0,200.0,STARVED
BISHOP_PST_MG[54],322,1.137024e-08,50854,84.0,-200.0,200.0,STARVED
PAWN_PST_EG[40],116,1.149195e-08,157095,7.0,-200.0,200.0,STARVED
PAWN_PST_EG[45],121,1.157417e-08,135465,-4.0,-200.0,200.0,STARVED
PAWN_PST_MG[37],49,1.165385e-08,125636,10.0,-200.0,200.0,STARVED
BISHOP_PAIR_MG,813,1.175013e-08,87639,29.0,15.0,60.0,STARVED
PAWN_PST_EG[44],120,1.214222e-08,174630,-1.0,-200.0,200.0,STARVED
PAWN_PST_MG[39],51,1.219558e-08,135262,-31.0,-200.0,200.0,STARVED
PAWN_PST_MG[36],48,1.241625e-08,94662,14.0,-200.0,200.0,STARVED
ROOK_SEMI_OPEN_EG,820,1.281982e-08,170903,19.0,0.0,30.0,STARVED
PAWN_PST_MG[43],55,1.299249e-08,74349,-12.0,-200.0,200.0,STARVED
KNIGHT_PST_MG[62],202,1.324834e-08,41129,32.0,-200.0,200.0,STARVED
KING_PST_MG[60],712,1.333846e-08,69147,4.0,-200.0,200.0,STARVED
ROOK_OPEN_FILE_MG,817,1.338353e-08,260553,50.0,0.0,100.0,STARVED
PAWN_PST_MG[52],64,1.346679e-08,51099,-12.0,-200.0,200.0,STARVED
PAWN_PST_MG[51],63,1.388381e-08,51827,-16.0,-200.0,200.0,STARVED
ROOK_PST_MG[56],452,1.396122e-08,95246,14.0,-200.0,200.0,STARVED
PASSED_EG_2,787,1.401865e-08,130203,11.0,0.0,200.0,STARVED
KNIGHT_OUTPOST_EG,822,1.406997e-08,175684,30.0,0.0,50.0,STARVED
PAWN_PST_MG[34],46,1.409576e-08,98792,-4.0,-200.0,200.0,STARVED
PAWN_PST_MG[32],44,1.410792e-08,123246,-29.0,-200.0,200.0,STARVED
DOUBLED_EG,795,1.493954e-08,162619,13.0,0.0,60.0,STARVED
PAWN_PST_MG[41],53,1.516305e-08,141571,-23.0,-200.0,200.0,STARVED
ROOK_PST_MG[61],457,1.524768e-08,78527,43.0,-200.0,200.0,STARVED
ROOK_BEHIND_PASSER_MG,827,1.565800e-08,98499,12.0,0.0,40.0,STARVED
BISHOP_PST_MG[52],320,1.572630e-08,71477,56.0,-200.0,200.0,STARVED
PAWN_PST_EG[54],130,1.577915e-08,224053,-10.0,-200.0,200.0,STARVED
ROOK_PST_MG[63],459,1.582685e-08,77076,20.0,-200.0,200.0,STARVED
PAWN_PST_EG[46],122,1.588088e-08,200558,-11.0,-200.0,200.0,STARVED
KNIGHT_PST_MG[57],197,1.681275e-08,51458,28.0,-200.0,200.0,STARVED
PASSED_EG_4,789,1.700387e-08,145574,59.0,0.0,200.0,STARVED
PAWN_PST_EG[53],129,1.721414e-08,230525,-3.0,-200.0,200.0,STARVED
PAWN_PST_EG[47],123,1.744452e-08,225717,-8.0,-200.0,200.0,STARVED
DOUBLED_MG,794,1.761559e-08,166273,0.0,0.0,60.0,ok
KING_PST_MG[62],714,1.806540e-08,164245,14.0,-200.0,200.0,ok
PAWN_PST_MG[46],58,1.915786e-08,211196,14.0,-200.0,200.0,ok
BISHOP_PST_MG[61],329,1.927401e-08,71265,37.0,-200.0,200.0,ok
KNIGHT_MG,2,1.929633e-08,253410,391.0,250.0,450.0,ok
BISHOP_MG,4,1.953295e-08,268574,428.0,250.0,450.0,ok
QUEEN_PST_MG[59],583,1.961608e-08,64237,75.0,-200.0,200.0,ok
PAWN_PST_MG[40],52,2.017693e-08,169200,-27.0,-200.0,200.0,ok
PAWN_PST_MG[42],54,2.032662e-08,141133,-8.0,-200.0,200.0,ok
PAWN_PST_MG[35],47,2.046177e-08,131829,7.0,-200.0,200.0,ok
KNIGHT_EG,3,2.066443e-08,253388,287.0,200.0,400.0,ok
ROOK_SEMI_OPEN_MG,819,2.099641e-08,178259,18.0,0.0,30.0,ok
PASSED_EG_3,788,2.102710e-08,171337,32.0,0.0,200.0,ok
SHIELD_RANK3,797,2.134306e-08,152286,7.0,0.0,80.0,ok
KNIGHT_PST_MG[42],182,2.139409e-08,79482,50.0,-200.0,200.0,ok
ROOK_OPEN_FILE_EG,818,2.142368e-08,259127,0.0,-5.0,50.0,ok
BISHOP_PST_MG[58],326,2.192760e-08,81632,35.0,-200.0,200.0,ok
BISHOP_EG,5,2.263673e-08,268557,311.0,200.0,400.0,ok
PAWN_PST_MG[47],59,2.287038e-08,237936,-15.0,-200.0,200.0,ok
KNIGHT_OUTPOST_MG,821,2.313836e-08,191233,40.0,0.0,80.0,ok
KNIGHT_PST_MG[45],185,2.349924e-08,93550,61.0,-200.0,200.0,ok
PAWN_PST_MG[48],60,2.371417e-08,154201,-35.0,-200.0,200.0,ok
PAWN_PST_MG[53],65,2.423603e-08,244447,22.0,-200.0,200.0,ok
PAWN_PST_MG[55],67,2.429730e-08,167487,-26.0,-200.0,200.0,ok
PAWN_PST_MG[50],62,2.514246e-08,128258,-27.0,-200.0,200.0,ok
PAWN_PST_MG[49],61,2.546791e-08,177823,-18.0,-200.0,200.0,ok
HALF_OPEN_FILE,799,2.596989e-08,327140,13.0,0.0,80.0,ok
PAWN_PST_MG[44],56,2.621470e-08,194191,3.0,-200.0,200.0,ok
PAWN_PST_MG[54],66,2.767869e-08,242087,22.0,-200.0,200.0,ok
BACKWARD_PAWN_EG,826,2.784690e-08,218483,0.0,-5.0,20.0,ok
PAWN_MG,0,4.292611e-08,601387,100.0,100.0,100.0,LOCKED
BACKWARD_PAWN_MG,825,4.713339e-08,237872,0.0,0.0,25.0,ok
ISOLATED_MG,792,7.638966e-08,461785,14.0,0.0,60.0,ok
PAWN_EG,1,7.982647e-08,526053,89.0,70.0,130.0,ok
HANGING_PENALTY,829,8.460522e-08,265405,40.0,0.0,120.0,ok
SHIELD_RANK2,796,8.742502e-08,212630,12.0,0.0,80.0,ok
CONNECTED_PAWN_EG,824,1.075766e-07,451957,4.0,0.0,20.0,ok
ISOLATED_EG,793,1.168440e-07,458601,7.0,0.0,60.0,ok
MOB_EG_KNIGHT,808,1.260480e-07,321213,1.0,0.0,15.0,ok
MOB_EG_QUEEN,811,1.333421e-07,235702,6.0,0.0,15.0,ok
CONNECTED_PAWN_MG,823,1.670045e-07,482348,9.0,0.0,25.0,ok
TEMPO,812,1.687053e-07,752975,12.0,5.0,30.0,ok
ATK_QUEEN,803,2.149128e-07,174510,3.0,3.0,80.0,ok
MOB_EG_BISHOP,809,2.877889e-07,388031,3.0,0.0,15.0,ok
MOB_MG_KNIGHT,804,3.511234e-07,363887,7.0,-5.0,15.0,ok
ATK_BISHOP,801,3.555471e-07,304616,3.0,2.0,80.0,ok
ATK_KNIGHT,800,3.957553e-07,219797,5.0,2.0,80.0,ok
ATK_ROOK,802,4.433051e-07,296768,9.0,2.0,80.0,ok
MOB_EG_ROOK,810,6.451346e-07,507605,2.0,0.0,15.0,ok
MOB_MG_ROOK,806,8.080733e-07,548394,7.0,-5.0,15.0,ok
MOB_MG_BISHOP,805,8.327007e-07,432747,8.0,-5.0,15.0,ok
MOB_MG_QUEEN,807,1.010083e-06,280856,2.0,-5.0,15.0,ok
